"emp_no","emp_title_id","last_name","first_name","dept_no","dept_name"
110022,"m0001","Markovitch","Margareta","d001","Marketing"
110022,"m0001","Markovitch","Margareta","d001","Marketing"
110022,"m0001","Markovitch","Margareta","d001","Marketing"
110022,"m0001","Markovitch","Margareta","d001","Marketing"
110039,"m0001","Minakawa","Vishwani","d001","Marketing"
110039,"m0001","Minakawa","Vishwani","d001","Marketing"
110039,"m0001","Minakawa","Vishwani","d001","Marketing"
110039,"m0001","Minakawa","Vishwani","d001","Marketing"
110085,"m0001","Alpin","Ebru","d002","Finance"
110085,"m0001","Alpin","Ebru","d002","Finance"
110085,"m0001","Alpin","Ebru","d002","Finance"
110085,"m0001","Alpin","Ebru","d002","Finance"
110114,"m0001","Legleitner","Isamu","d002","Finance"
110114,"m0001","Legleitner","Isamu","d002","Finance"
110114,"m0001","Legleitner","Isamu","d002","Finance"
110114,"m0001","Legleitner","Isamu","d002","Finance"
110183,"m0001","Ossenbruggen","Shirish","d003","Human Resources"
110183,"m0001","Ossenbruggen","Shirish","d003","Human Resources"
110183,"m0001","Ossenbruggen","Shirish","d003","Human Resources"
110183,"m0001","Ossenbruggen","Shirish","d003","Human Resources"
110228,"m0001","Sigstam","Karsten","d003","Human Resources"
110228,"m0001","Sigstam","Karsten","d003","Human Resources"
110228,"m0001","Sigstam","Karsten","d003","Human Resources"
110228,"m0001","Sigstam","Karsten","d003","Human Resources"
110303,"m0001","Wegerle","Krassimir","d004","Production"
110303,"m0001","Wegerle","Krassimir","d004","Production"
110303,"m0001","Wegerle","Krassimir","d004","Production"
110303,"m0001","Wegerle","Krassimir","d004","Production"
110344,"m0001","Cools","Rosine","d004","Production"
110344,"m0001","Cools","Rosine","d004","Production"
110344,"m0001","Cools","Rosine","d004","Production"
110344,"m0001","Cools","Rosine","d004","Production"
110386,"m0001","Kieras","Shem","d004","Production"
110386,"m0001","Kieras","Shem","d004","Production"
110386,"m0001","Kieras","Shem","d004","Production"
110386,"m0001","Kieras","Shem","d004","Production"
110420,"m0001","Ghazalie","Oscar","d004","Production"
110420,"m0001","Ghazalie","Oscar","d004","Production"
110420,"m0001","Ghazalie","Oscar","d004","Production"
110420,"m0001","Ghazalie","Oscar","d004","Production"
110511,"m0001","Hagimont","DeForest","d005","Development"
110511,"m0001","Hagimont","DeForest","d005","Development"
110511,"m0001","Hagimont","DeForest","d005","Development"
110511,"m0001","Hagimont","DeForest","d005","Development"
110567,"m0001","DasSarma","Leon","d005","Development"
110567,"m0001","DasSarma","Leon","d005","Development"
110567,"m0001","DasSarma","Leon","d005","Development"
110567,"m0001","DasSarma","Leon","d005","Development"
110725,"m0001","Onuegbe","Peternela","d006","Quality Management"
110725,"m0001","Onuegbe","Peternela","d006","Quality Management"
110725,"m0001","Onuegbe","Peternela","d006","Quality Management"
110725,"m0001","Onuegbe","Peternela","d006","Quality Management"
110765,"m0001","Hofmeyr","Rutger","d006","Quality Management"
110765,"m0001","Hofmeyr","Rutger","d006","Quality Management"
110765,"m0001","Hofmeyr","Rutger","d006","Quality Management"
110765,"m0001","Hofmeyr","Rutger","d006","Quality Management"
110800,"m0001","Quadeer","Sanjoy","d006","Quality Management"
110800,"m0001","Quadeer","Sanjoy","d006","Quality Management"
110800,"m0001","Quadeer","Sanjoy","d006","Quality Management"
110800,"m0001","Quadeer","Sanjoy","d006","Quality Management"
110854,"m0001","Pesch","Dung","d006","Quality Management"
110854,"m0001","Pesch","Dung","d006","Quality Management"
110854,"m0001","Pesch","Dung","d006","Quality Management"
110854,"m0001","Pesch","Dung","d006","Quality Management"
111035,"m0001","Kaelbling","Przemyslawa","d007","Sales"
111035,"m0001","Kaelbling","Przemyslawa","d007","Sales"
111035,"m0001","Kaelbling","Przemyslawa","d007","Sales"
111035,"m0001","Kaelbling","Przemyslawa","d007","Sales"
111133,"m0001","Zhang","Hauke","d007","Sales"
111133,"m0001","Zhang","Hauke","d007","Sales"
111133,"m0001","Zhang","Hauke","d007","Sales"
111133,"m0001","Zhang","Hauke","d007","Sales"
111400,"m0001","Staelin","Arie","d008","Research"
111400,"m0001","Staelin","Arie","d008","Research"
111400,"m0001","Staelin","Arie","d008","Research"
111400,"m0001","Staelin","Arie","d008","Research"
111534,"m0001","Kambil","Hilary","d008","Research"
111534,"m0001","Kambil","Hilary","d008","Research"
111534,"m0001","Kambil","Hilary","d008","Research"
111534,"m0001","Kambil","Hilary","d008","Research"
111692,"m0001","Butterworth","Tonny","d009","Customer Service"
111692,"m0001","Butterworth","Tonny","d009","Customer Service"
111692,"m0001","Butterworth","Tonny","d009","Customer Service"
111692,"m0001","Butterworth","Tonny","d009","Customer Service"
111784,"m0001","Giarratana","Marjo","d009","Customer Service"
111784,"m0001","Giarratana","Marjo","d009","Customer Service"
111784,"m0001","Giarratana","Marjo","d009","Customer Service"
111784,"m0001","Giarratana","Marjo","d009","Customer Service"
111877,"m0001","Spinelli","Xiaobin","d009","Customer Service"
111877,"m0001","Spinelli","Xiaobin","d009","Customer Service"
111877,"m0001","Spinelli","Xiaobin","d009","Customer Service"
111877,"m0001","Spinelli","Xiaobin","d009","Customer Service"
111939,"m0001","Weedman","Yuchang","d009","Customer Service"
111939,"m0001","Weedman","Yuchang","d009","Customer Service"
111939,"m0001","Weedman","Yuchang","d009","Customer Service"
111939,"m0001","Weedman","Yuchang","d009","Customer Service"
110022,"m0001","Markovitch","Margareta","d001","Marketing"
110022,"m0001","Markovitch","Margareta","d001","Marketing"
110022,"m0001","Markovitch","Margareta","d001","Marketing"
110022,"m0001","Markovitch","Margareta","d001","Marketing"
110039,"m0001","Minakawa","Vishwani","d001","Marketing"
110039,"m0001","Minakawa","Vishwani","d001","Marketing"
110039,"m0001","Minakawa","Vishwani","d001","Marketing"
110039,"m0001","Minakawa","Vishwani","d001","Marketing"
110085,"m0001","Alpin","Ebru","d002","Finance"
110085,"m0001","Alpin","Ebru","d002","Finance"
110085,"m0001","Alpin","Ebru","d002","Finance"
110085,"m0001","Alpin","Ebru","d002","Finance"
110114,"m0001","Legleitner","Isamu","d002","Finance"
110114,"m0001","Legleitner","Isamu","d002","Finance"
110114,"m0001","Legleitner","Isamu","d002","Finance"
110114,"m0001","Legleitner","Isamu","d002","Finance"
110183,"m0001","Ossenbruggen","Shirish","d003","Human Resources"
110183,"m0001","Ossenbruggen","Shirish","d003","Human Resources"
110183,"m0001","Ossenbruggen","Shirish","d003","Human Resources"
110183,"m0001","Ossenbruggen","Shirish","d003","Human Resources"
110228,"m0001","Sigstam","Karsten","d003","Human Resources"
110228,"m0001","Sigstam","Karsten","d003","Human Resources"
110228,"m0001","Sigstam","Karsten","d003","Human Resources"
110228,"m0001","Sigstam","Karsten","d003","Human Resources"
110303,"m0001","Wegerle","Krassimir","d004","Production"
110303,"m0001","Wegerle","Krassimir","d004","Production"
110303,"m0001","Wegerle","Krassimir","d004","Production"
110303,"m0001","Wegerle","Krassimir","d004","Production"
110344,"m0001","Cools","Rosine","d004","Production"
110344,"m0001","Cools","Rosine","d004","Production"
110344,"m0001","Cools","Rosine","d004","Production"
110344,"m0001","Cools","Rosine","d004","Production"
110386,"m0001","Kieras","Shem","d004","Production"
110386,"m0001","Kieras","Shem","d004","Production"
110386,"m0001","Kieras","Shem","d004","Production"
110386,"m0001","Kieras","Shem","d004","Production"
110420,"m0001","Ghazalie","Oscar","d004","Production"
110420,"m0001","Ghazalie","Oscar","d004","Production"
110420,"m0001","Ghazalie","Oscar","d004","Production"
110420,"m0001","Ghazalie","Oscar","d004","Production"
110511,"m0001","Hagimont","DeForest","d005","Development"
110511,"m0001","Hagimont","DeForest","d005","Development"
110511,"m0001","Hagimont","DeForest","d005","Development"
110511,"m0001","Hagimont","DeForest","d005","Development"
110567,"m0001","DasSarma","Leon","d005","Development"
110567,"m0001","DasSarma","Leon","d005","Development"
110567,"m0001","DasSarma","Leon","d005","Development"
110567,"m0001","DasSarma","Leon","d005","Development"
110725,"m0001","Onuegbe","Peternela","d006","Quality Management"
110725,"m0001","Onuegbe","Peternela","d006","Quality Management"
110725,"m0001","Onuegbe","Peternela","d006","Quality Management"
110725,"m0001","Onuegbe","Peternela","d006","Quality Management"
110765,"m0001","Hofmeyr","Rutger","d006","Quality Management"
110765,"m0001","Hofmeyr","Rutger","d006","Quality Management"
110765,"m0001","Hofmeyr","Rutger","d006","Quality Management"
110765,"m0001","Hofmeyr","Rutger","d006","Quality Management"
110800,"m0001","Quadeer","Sanjoy","d006","Quality Management"
110800,"m0001","Quadeer","Sanjoy","d006","Quality Management"
110800,"m0001","Quadeer","Sanjoy","d006","Quality Management"
110800,"m0001","Quadeer","Sanjoy","d006","Quality Management"
110854,"m0001","Pesch","Dung","d006","Quality Management"
110854,"m0001","Pesch","Dung","d006","Quality Management"
110854,"m0001","Pesch","Dung","d006","Quality Management"
110854,"m0001","Pesch","Dung","d006","Quality Management"
111035,"m0001","Kaelbling","Przemyslawa","d007","Sales"
111035,"m0001","Kaelbling","Przemyslawa","d007","Sales"
111035,"m0001","Kaelbling","Przemyslawa","d007","Sales"
111035,"m0001","Kaelbling","Przemyslawa","d007","Sales"
111133,"m0001","Zhang","Hauke","d007","Sales"
111133,"m0001","Zhang","Hauke","d007","Sales"
111133,"m0001","Zhang","Hauke","d007","Sales"
111133,"m0001","Zhang","Hauke","d007","Sales"
111400,"m0001","Staelin","Arie","d008","Research"
111400,"m0001","Staelin","Arie","d008","Research"
111400,"m0001","Staelin","Arie","d008","Research"
111400,"m0001","Staelin","Arie","d008","Research"
111534,"m0001","Kambil","Hilary","d008","Research"
111534,"m0001","Kambil","Hilary","d008","Research"
111534,"m0001","Kambil","Hilary","d008","Research"
111534,"m0001","Kambil","Hilary","d008","Research"
111692,"m0001","Butterworth","Tonny","d009","Customer Service"
111692,"m0001","Butterworth","Tonny","d009","Customer Service"
111692,"m0001","Butterworth","Tonny","d009","Customer Service"
111692,"m0001","Butterworth","Tonny","d009","Customer Service"
111784,"m0001","Giarratana","Marjo","d009","Customer Service"
111784,"m0001","Giarratana","Marjo","d009","Customer Service"
111784,"m0001","Giarratana","Marjo","d009","Customer Service"
111784,"m0001","Giarratana","Marjo","d009","Customer Service"
111877,"m0001","Spinelli","Xiaobin","d009","Customer Service"
111877,"m0001","Spinelli","Xiaobin","d009","Customer Service"
111877,"m0001","Spinelli","Xiaobin","d009","Customer Service"
111877,"m0001","Spinelli","Xiaobin","d009","Customer Service"
111939,"m0001","Weedman","Yuchang","d009","Customer Service"
111939,"m0001","Weedman","Yuchang","d009","Customer Service"
111939,"m0001","Weedman","Yuchang","d009","Customer Service"
111939,"m0001","Weedman","Yuchang","d009","Customer Service"
