"max","last_name","first_name","dept_name"
258641,"Aamodt","Abdelkader","Development"
258005,"Aamodt","Adhemar","Development"
455773,"Aamodt","Aemilian","Sales"
436560,"Aamodt","Alagu","Development"
15427,"Aamodt","Aluzio","Development"
238705,"Aamodt","Anoosh","Development"
107094,"Aamodt","Baoqiu","Sales"
411560,"Aamodt","Basant","Development"
203802,"Aamodt","Berry","Sales"
428594,"Aamodt","Breannda","Sales"
31701,"Aamodt","Carrsten","Development"
61219,"Aamodt","Chuanyi","Sales"
276101,"Aamodt","Deborah","Development"
293563,"Aamodt","Dietrich","Development"
53390,"Aamodt","Dmitry","Development"
257801,"Aamodt","Duri","Development"
489981,"Aamodt","Edwin","Development"
492546,"Aamodt","Elzbieta","Sales"
493299,"Aamodt","Erez","Development"
252763,"Aamodt","Felicidad","Development"
404703,"Aamodt","Florian","Development"
265036,"Aamodt","Fuqing","Development"
458485,"Aamodt","Geraldo","Development"
433338,"Aamodt","Gian","Sales"
84904,"Aamodt","Gladys","Development"
467226,"Aamodt","Goa","Development"
441722,"Aamodt","Gonzalo","Development"
407604,"Aamodt","Gunilla","Development"
290839,"Aamodt","Guoxiang","Sales"
233941,"Aamodt","Hairong","Sales"
100916,"Aamodt","Heejo","Development"
49426,"Aamodt","Huican","Development"
103125,"Aamodt","Huican","Sales"
275120,"Aamodt","Jaideep","Sales"
411374,"Aamodt","Jeane","Development"
61477,"Aamodt","Jenwei","Development"
240207,"Aamodt","Jiann","Sales"
257214,"Aamodt","Kaijung","Sales"
443223,"Aamodt","Karlis","Sales"
242185,"Aamodt","Kazuhito","Development"
42706,"Aamodt","Khalid","Sales"
71936,"Aamodt","Kish","Sales"
408737,"Aamodt","Leen","Sales"
297498,"Aamodt","Lenore","Sales"
279540,"Aamodt","Luisa","Sales"
484934,"Aamodt","Magy","Development"
36577,"Aamodt","Mahmut","Development"
276963,"Aamodt","Maik","Development"
455119,"Aamodt","Mani","Development"
43174,"Aamodt","Mariusz","Sales"
46884,"Aamodt","Marla","Sales"
439427,"Aamodt","Masamitsu","Development"
422538,"Aamodt","Matk","Sales"
16572,"Aamodt","Matt","Development"
36585,"Aamodt","Menkae","Sales"
469601,"Aamodt","Mingsen","Development"
265228,"Aamodt","Miomir","Development"
471383,"Aamodt","Mohammed","Development"
105020,"Aamodt","Mostafa","Sales"
218417,"Aamodt","Moto","Development"
469422,"Aamodt","Moty","Development"
265157,"Aamodt","Narain","Sales"
460902,"Aamodt","Nimmagadda","Development"
294575,"Aamodt","Parke","Sales"
88280,"Aamodt","Richard","Development"
244014,"Aamodt","Rimli","Sales"
12982,"Aamodt","Sachem","Development"
260324,"Aamodt","Salvador","Sales"
458867,"Aamodt","Sanjiv","Development"
36264,"Aamodt","Sariel","Sales"
50775,"Aamodt","Shai","Development"
221023,"Aamodt","Shan","Sales"
419084,"Aamodt","Shen","Development"
258861,"Aamodt","Sigeru","Development"
251782,"Aamodt","Somnath","Sales"
107602,"Aamodt","Sorina","Development"
493102,"Aamodt","Srinidhi","Sales"
262822,"Aamodt","Supot","Development"
252181,"Aamodt","Taizo","Development"
57989,"Aamodt","Takahira","Development"
408779,"Aamodt","Tamiya","Sales"
67277,"Aamodt","Teiji","Sales"
293021,"Aamodt","Teunis","Development"
76475,"Aamodt","Theirry","Development"
280448,"Aamodt","Theron","Sales"
458624,"Aamodt","Tua","Development"
489837,"Aamodt","Tzvetan","Development"
271789,"Aamodt","Valeri","Sales"
19898,"Aamodt","Vidar","Sales"
283857,"Aamodt","Weiru","Sales"
82381,"Aamodt","Weiyi","Development"
102734,"Aamodt","Woody","Development"
417814,"Aamodt","Yechiam","Sales"
57933,"Aamodt","Yishay","Sales"
236802,"Aamodt","Yoshimitsu","Development"
239949,"Aamodt","Zhiwei","Development"
40184,"Aamodt","Zvonko","Development"
255705,"Acton","Aimee","Development"
238752,"Acton","Aluzio","Development"
481285,"Acton","Amstein","Development"
429297,"Acton","Becky","Sales"
297135,"Acton","Bezalel","Development"
487536,"Acton","Bikash","Development"
445773,"Acton","Bodh","Sales"
238634,"Acton","Bokyung","Development"
218928,"Acton","Breannda","Development"
88998,"Acton","Chinho","Development"
481482,"Acton","Claude","Development"
76392,"Acton","Cristinel","Sales"
467740,"Acton","DAIDA","Development"
294239,"Acton","Divine","Sales"
66117,"Acton","Djenana","Development"
213271,"Acton","Djenana","Sales"
72001,"Acton","Dmitry","Development"
450884,"Acton","Douadi","Development"
412144,"Acton","Eirik","Development"
446145,"Acton","Eran","Development"
40374,"Acton","Frederique","Development"
94909,"Acton","Gal","Sales"
90691,"Acton","Giordano","Development"
261695,"Acton","Giri","Development"
51509,"Acton","Gregory","Development"
40881,"Acton","Hatem","Development"
468748,"Acton","Heeju","Development"
446536,"Acton","Heng","Development"
205807,"Acton","Heon","Sales"
40908,"Acton","Hidde","Development"
47143,"Acton","Hideyuki","Development"
38816,"Acton","Iara","Development"
443826,"Acton","Ioana","Development"
46986,"Acton","Irena","Development"
220546,"Acton","Jianwen","Development"
90793,"Acton","Jinpo","Development"
76380,"Acton","Karlis","Sales"
284152,"Acton","Katsuyuki","Development"
107735,"Acton","Kayoko","Development"
107471,"Acton","Kazuhide","Sales"
428641,"Acton","Keiichiro","Development"
434928,"Acton","Kenroku","Sales"
291696,"Acton","Kensei","Development"
295148,"Acton","Kolar","Sales"
256770,"Acton","Kousuke","Development"
421304,"Acton","Kwee","Development"
481114,"Acton","Larisa","Development"
471281,"Acton","Leif","Development"
28089,"Acton","Mahmut","Sales"
248027,"Acton","Margo","Development"
429125,"Acton","Marsja","Development"
88629,"Acton","Mayuko","Sales"
267789,"Acton","Mohd","Development"
107283,"Acton","Murthy","Development"
413496,"Acton","Naftaly","Sales"
462562,"Acton","Navin","Sales"
271382,"Acton","Neven","Development"
423543,"Acton","Oldrich","Development"
20737,"Acton","Oscar","Sales"
451043,"Acton","Petter","Development"
285261,"Acton","Pragnesh","Development"
30263,"Acton","Prodip","Development"
487730,"Acton","Rafail","Development"
461027,"Acton","Raimond","Development"
442462,"Acton","Rance","Sales"
272812,"Acton","Ronnie","Development"
104679,"Acton","Roselyn","Sales"
248334,"Acton","Rosli","Development"
290111,"Acton","Saddek","Development"
417764,"Acton","Sakthirel","Development"
30749,"Acton","Sangeeta","Development"
46072,"Acton","Sanjay","Development"
228262,"Acton","Shaz","Development"
73542,"Acton","Shigehito","Sales"
408216,"Acton","Shridhar","Sales"
402519,"Acton","Shuji","Sales"
27201,"Acton","Soenke","Development"
274768,"Acton","Torsten","Sales"
221397,"Acton","Tremaine","Sales"
279788,"Acton","Tsvetan","Development"
17823,"Acton","Uriel","Sales"
41503,"Acton","Van","Sales"
286874,"Acton","Vesna","Development"
67813,"Acton","Volkmar","Development"
15229,"Acton","Xiahua","Development"
21519,"Acton","Xumin","Sales"
93138,"Acton","Yaghout","Sales"
239646,"Acton","Yagil","Development"
95987,"Acton","Yakichi","Sales"
34785,"Acton","Yakkov","Development"
85120,"Acton","Zeljko","Development"
99157,"Adachi","Aiichiro","Sales"
44204,"Adachi","Alexius","Development"
294905,"Adachi","Arie","Development"
36533,"Adachi","Arnould","Sales"
417131,"Adachi","Arunas","Sales"
23904,"Adachi","Atreye","Development"
34399,"Adachi","Becky","Development"
435487,"Adachi","Berhard","Development"
236853,"Adachi","Bernice","Development"
95871,"Adachi","Billur","Sales"
98434,"Adachi","Bogdan","Sales"
44898,"Adachi","Bouchung","Development"
20043,"Adachi","Chikara","Development"
240719,"Adachi","Chiradeep","Development"
279029,"Adachi","Christ","Development"
10967,"Adachi","Eran","Development"
434409,"Adachi","Feipei","Sales"
267889,"Adachi","Francesca","Sales"
268132,"Adachi","Franziska","Sales"
470846,"Adachi","Frazer","Sales"
92027,"Adachi","Georg","Development"
29203,"Adachi","Ger","Sales"
492666,"Adachi","Giao","Development"
437758,"Adachi","Goetz","Sales"
47750,"Adachi","Gonzalo","Sales"
419194,"Adachi","Houman","Sales"
259631,"Adachi","Izaskun","Sales"
421438,"Adachi","Jaewoo","Sales"
14974,"Adachi","Joydip","Development"
232430,"Adachi","Karoline","Development"
463122,"Adachi","Kasturi","Development"
462289,"Adachi","Kenroku","Development"
499719,"Adachi","Kristin","Development"
295541,"Adachi","Kwangho","Development"
298933,"Adachi","Lene","Development"
402164,"Adachi","Lenore","Sales"
88521,"Adachi","Mansur","Development"
238484,"Adachi","Mart","Sales"
282394,"Adachi","Masato","Development"
466366,"Adachi","Mohan","Development"
207844,"Adachi","Moheb","Sales"
431763,"Adachi","Moni","Development"
411248,"Adachi","Noritoshi","Development"
421185,"Adachi","Oddvar","Development"
487025,"Adachi","Pintsang","Development"
465285,"Adachi","Qunsheng","Development"
88634,"Adachi","Radhakrishnan","Development"
241262,"Adachi","Radhia","Development"
220861,"Adachi","Rajmohan","Development"
271057,"Adachi","Renee","Development"
259710,"Adachi","Richard","Sales"
66005,"Adachi","Roselyn","Development"
52346,"Adachi","Sachin","Development"
211920,"Adachi","Sahrah","Sales"
482446,"Adachi","Satyanarayana","Sales"
405918,"Adachi","Serenella","Development"
470859,"Adachi","Serif","Sales"
293297,"Adachi","Shen","Sales"
474264,"Adachi","Shichao","Development"
474560,"Adachi","Shih","Development"
223389,"Adachi","Shuho","Sales"
402060,"Adachi","Sigeru","Sales"
405140,"Adachi","Stella","Development"
270761,"Adachi","Subhada","Sales"
486722,"Adachi","Sungwon","Development"
238715,"Adachi","Susanna","Development"
278069,"Adachi","Susumu","Development"
437779,"Adachi","Tooru","Sales"
466274,"Adachi","Toshiki","Development"
278600,"Adachi","Tsz","Development"
496342,"Adachi","Uriel","Sales"
203716,"Adachi","Utz","Development"
38001,"Adachi","Valter","Development"
17936,"Adachi","Weiru","Development"
17297,"Adachi","Wojceich","Development"
287971,"Adachi","Xinan","Development"
448808,"Adachi","Yannik","Development"
241280,"Adachi","Yoshinari","Sales"
58205,"Adachi","Yuchang","Sales"
16087,"Adachi","Yurij","Development"
244018,"Adachi","Zhaofang","Development"
80752,"Adachi","Zhenhua","Sales"
96315,"Adachi","Zhensheng","Development"
244039,"Adachi","Zongyan","Development"
98358,"Aingworth","Basim","Development"
433630,"Aingworth","Bilhanan","Sales"
452985,"Aingworth","Billur","Development"
447316,"Aingworth","Chiradeep","Sales"
93256,"Aingworth","Claudi","Sales"
58207,"Aingworth","Collette","Development"
406604,"Aingworth","Danai","Sales"
463088,"Aingworth","Demin","Development"
449112,"Aingworth","Dinkar","Development"
10994,"Aingworth","Divine","Development"
205351,"Aingworth","Duangkaew","Sales"
103570,"Aingworth","Elliott","Development"
466322,"Aingworth","Elzbieta","Development"
267330,"Aingworth","Erzsebet","Sales"
243441,"Aingworth","Faiza","Development"
282119,"Aingworth","Foong","Development"
36222,"Aingworth","Frazer","Development"
297858,"Aingworth","Fuqing","Development"
18614,"Aingworth","Genevieve","Development"
53557,"Aingworth","Gianluca","Sales"
211655,"Aingworth","Giap","Development"
45387,"Aingworth","Goncalo","Development"
60201,"Aingworth","Gregory","Sales"
45882,"Aingworth","Guoxiang","Sales"
65094,"Aingworth","Huan","Development"
51793,"Aingworth","Isaac","Development"
241421,"Aingworth","Jaihie","Development"
249337,"Aingworth","Janche","Development"
274470,"Aingworth","Jiang","Sales"
413629,"Aingworth","Kasturi","Sales"
28976,"Aingworth","Kazuhiko","Development"
215080,"Aingworth","Kenton","Sales"
435606,"Aingworth","Kerhong","Development"
211301,"Aingworth","Khalid","Development"
212162,"Aingworth","Kiyokazu","Development"
422100,"Aingworth","Kotesh","Development"
267964,"Aingworth","Kwangho","Development"
244581,"Aingworth","Kyoichi","Sales"
38178,"Aingworth","Lech","Development"
206814,"Aingworth","Lene","Sales"
67574,"Aingworth","Lijie","Development"
227923,"Aingworth","Luisa","Sales"
490704,"Aingworth","Mabo","Sales"
90653,"Aingworth","Mads","Development"
275285,"Aingworth","Mana","Development"
11927,"Aingworth","Mana","Sales"
236157,"Aingworth","Margo","Development"
11441,"Aingworth","Marlo","Sales"
106644,"Aingworth","Martina","Sales"
259313,"Aingworth","Masadi","Sales"
232462,"Aingworth","Masali","Sales"
245867,"Aingworth","Masoud","Development"
281275,"Aingworth","Mikhail","Development"
72894,"Aingworth","Mingzeng","Sales"
235959,"Aingworth","Mrinalini","Development"
10991,"Aingworth","Munehiro","Development"
498339,"Aingworth","Naraig","Sales"
283019,"Aingworth","Narain","Development"
36820,"Aingworth","Navin","Sales"
473617,"Aingworth","Nevin","Development"
35529,"Aingworth","Pragnesh","Sales"
281638,"Aingworth","Remco","Development"
266510,"Aingworth","Roded","Sales"
224284,"Aingworth","Samphel","Development"
271778,"Aingworth","Samphel","Sales"
488469,"Aingworth","Sangeeta","Sales"
288838,"Aingworth","Sanjit","Development"
97082,"Aingworth","Seongbae","Development"
451742,"Aingworth","Shirish","Development"
30321,"Aingworth","Shunichi","Sales"
286462,"Aingworth","Stevo","Development"
239915,"Aingworth","Taizo","Sales"
416104,"Aingworth","Tze","Sales"
485584,"Aingworth","Uzi","Development"
413790,"Aingworth","Vasilii","Development"
460876,"Aingworth","Vidar","Development"
107721,"Aingworth","Wanqing","Development"
482658,"Aingworth","Wanqing","Sales"
285694,"Aingworth","Wilmer","Development"
23045,"Aingworth","Xiaocheng","Development"
437594,"Aingworth","Xumin","Sales"
447681,"Aingworth","Youssef","Development"
24681,"Aingworth","Zhensheng","Sales"
273586,"Aingworth","Zhonghui","Development"
235864,"Akaboshi","Abdelkader","Sales"
70784,"Akaboshi","Abdelwaheb","Sales"
58146,"Akaboshi","Aiman","Development"
471296,"Akaboshi","Akeel","Development"
202510,"Akaboshi","Amstein","Sales"
99481,"Akaboshi","Arnd","Sales"
401114,"Akaboshi","Baoqiu","Development"
457828,"Akaboshi","Bedir","Development"
487609,"Akaboshi","Bernardo","Development"
71950,"Akaboshi","Bernice","Development"
234667,"Akaboshi","Bodh","Development"
21144,"Akaboshi","Bouchung","Sales"
243820,"Akaboshi","Chiranjit","Development"
49757,"Akaboshi","Christoper","Development"
495439,"Akaboshi","Claude","Sales"
498841,"Akaboshi","Dhritiman","Sales"
265841,"Akaboshi","Dzung","Development"
47449,"Akaboshi","Ebbe","Development"
101562,"Akaboshi","Eben","Sales"
275074,"Akaboshi","Eran","Development"
66359,"Akaboshi","Faiza","Development"
57853,"Akaboshi","Fatemeh","Development"
405700,"Akaboshi","Fen","Development"
238797,"Akaboshi","Filipp","Sales"
456657,"Akaboshi","Frederique","Sales"
403627,"Akaboshi","Gennadi","Sales"
56651,"Akaboshi","Geoff","Development"
231191,"Akaboshi","Heekeun","Development"
10391,"Akaboshi","Hongzue","Development"
270905,"Akaboshi","Idoia","Sales"
18664,"Akaboshi","Itzchak","Sales"
495450,"Akaboshi","Jackson","Development"
39167,"Akaboshi","Jessie","Development"
401388,"Akaboshi","Katsuyuki","Sales"
201942,"Akaboshi","Kayoko","Development"
200100,"Akaboshi","Kazuhito","Sales"
105592,"Akaboshi","Kish","Development"
71947,"Akaboshi","Koichi","Development"
77700,"Akaboshi","Lidong","Development"
41798,"Akaboshi","Margareta","Development"
499310,"Akaboshi","Masanao","Sales"
23815,"Akaboshi","Minghong","Sales"
227959,"Akaboshi","Nigel","Development"
37409,"Akaboshi","Niranjan","Sales"
417917,"Akaboshi","Oddvar","Development"
273094,"Akaboshi","Paris","Development"
406648,"Akaboshi","Parviz","Sales"
279774,"Akaboshi","Pascal","Sales"
68601,"Akaboshi","Peer","Development"
429718,"Akaboshi","Pranjal","Development"
16336,"Akaboshi","Ranan","Development"
237338,"Akaboshi","Rildo","Sales"
12681,"Akaboshi","Rosalyn","Sales"
231581,"Akaboshi","Roselyn","Development"
413612,"Akaboshi","Sachin","Development"
462427,"Akaboshi","Sailaja","Sales"
423907,"Akaboshi","Sanjit","Sales"
479302,"Akaboshi","Shawna","Sales"
34713,"Akaboshi","Shigeichiro","Development"
410295,"Akaboshi","Shir","Sales"
101035,"Akaboshi","Shiv","Development"
60885,"Akaboshi","Slavian","Development"
472946,"Akaboshi","Sorina","Sales"
100538,"Akaboshi","Spyrose","Sales"
98703,"Akaboshi","Stella","Development"
287982,"Akaboshi","Stepehn","Development"
216943,"Akaboshi","Sudharsan","Sales"
496318,"Akaboshi","Takahiro","Development"
477364,"Akaboshi","TRUE","Sales"
54045,"Akaboshi","Udaiprakash","Sales"
454309,"Akaboshi","Uta","Development"
471888,"Akaboshi","Uzi","Development"
13335,"Akaboshi","Val","Sales"
283289,"Akaboshi","Yechezkel","Sales"
436988,"Akaboshi","Yifei","Development"
226896,"Akaboshi","Yurij","Sales"
13039,"Akazan","Alain","Development"
281237,"Akazan","Anyuan","Development"
484215,"Akazan","Arco","Sales"
475679,"Akazan","Arve","Sales"
74850,"Akazan","Bangqing","Development"
252510,"Akazan","Bedir","Development"
482288,"Akazan","Billur","Sales"
34009,"Akazan","Boaz","Sales"
261484,"Akazan","Boguslaw","Sales"
22232,"Akazan","Brigham","Development"
53154,"Akazan","Chaosheng","Development"
101178,"Akazan","Charmane","Development"
55564,"Akazan","Danil","Development"
245149,"Akazan","Debaprosad","Development"
488542,"Akazan","Deborah","Development"
51120,"Akazan","Demin","Sales"
22377,"Akazan","Demos","Sales"
49770,"Akazan","Dipankar","Development"
404588,"Akazan","Elgin","Development"
207533,"Akazan","Faiza","Sales"
263552,"Akazan","Fan","Sales"
468635,"Akazan","Fumino","Development"
39010,"Akazan","Gadiel","Development"
252867,"Akazan","Gal","Sales"
270275,"Akazan","Geoffrey","Development"
462344,"Akazan","Giao","Sales"
417361,"Akazan","Giap","Development"
449078,"Akazan","Gino","Development"
268778,"Akazan","Guadalupe","Development"
476864,"Akazan","Hauke","Development"
59316,"Akazan","Hausi","Development"
239464,"Akazan","Heeju","Development"
420635,"Akazan","Henk","Development"
64626,"Akazan","Hongzhu","Development"
217011,"Akazan","Indrajit","Development"
485200,"Akazan","Jacqueline","Sales"
477151,"Akazan","Jaewoo","Sales"
436085,"Akazan","Jiann","Sales"
17767,"Akazan","Jianwen","Sales"
498486,"Akazan","Kaijung","Development"
412611,"Akazan","Kankanahalli","Sales"
498899,"Akazan","Kasidit","Sales"
48494,"Akazan","Kazuhira","Development"
56001,"Akazan","Khue","Development"
24574,"Akazan","Kirk","Development"
448524,"Akazan","Kwangsub","Development"
234499,"Akazan","Lenore","Development"
285973,"Akazan","Lillian","Development"
206847,"Akazan","Luise","Sales"
58339,"Akazan","Mabhin","Development"
97617,"Akazan","Mahmut","Sales"
298250,"Akazan","Mana","Development"
89901,"Akazan","Mariusz","Sales"
109698,"Akazan","Mark","Development"
423806,"Akazan","Martina","Development"
17644,"Akazan","Mats","Sales"
208476,"Akazan","Mircea","Development"
253967,"Akazan","Moon","Development"
496189,"Akazan","Nidapan","Development"
98888,"Akazan","Niranjan","Development"
12301,"Akazan","Oksana","Sales"
69149,"Akazan","Padma","Development"
417320,"Akazan","Parviz","Development"
29306,"Akazan","Perla","Sales"
498763,"Akazan","Radhakrishnan","Development"
293545,"Akazan","Reinhold","Development"
275687,"Akazan","Richard","Sales"
30425,"Akazan","Rimli","Sales"
99731,"Akazan","Sakthirel","Development"
470489,"Akazan","Sangeeta","Development"
295829,"Akazan","Sanjeeva","Development"
56884,"Akazan","Serenella","Development"
40693,"Akazan","Serge","Sales"
23595,"Akazan","Seshu","Sales"
21963,"Akazan","Shawna","Sales"
18775,"Akazan","Shay","Development"
62595,"Akazan","Shietung","Sales"
402784,"Akazan","Shigenori","Development"
298428,"Akazan","Shooichi","Development"
233971,"Akazan","Shugo","Development"
262742,"Akazan","Shuichi","Sales"
98153,"Akazan","Shunichi","Sales"
480132,"Akazan","Sudhanshu","Development"
459049,"Akazan","Sudharsan","Sales"
44793,"Akazan","Sumali","Sales"
413806,"Akazan","Susanna","Development"
440878,"Akazan","Tonny","Development"
427489,"Akazan","Torsten","Sales"
34664,"Akazan","Tran","Sales"
84713,"Akazan","Urs","Development"
203289,"Akazan","Utpal","Development"
200887,"Akazan","Valeska","Sales"
22984,"Akazan","Vasilis","Development"
460839,"Akazan","Vishu","Sales"
429739,"Akazan","Werner","Development"
431695,"Akazan","Wonhee","Development"
460881,"Akazan","Xiaocheng","Development"
94167,"Akazan","Xinyu","Development"
106105,"Akazan","Yannik","Development"
81402,"Akazan","Yannik","Sales"
76576,"Akazan","Yannis","Development"
473611,"Akazan","Yechiam","Sales"
20916,"Akazan","Yishay","Development"
269518,"Akazan","Yishay","Sales"
106811,"Akazan","Yucel","Sales"
457539,"Akazan","Zhongwei","Development"
240587,"Akazan","Zorica","Sales"
209250,"Akiyama","Almudena","Development"
285669,"Akiyama","Amabile","Development"
281153,"Akiyama","Arra","Development"
39907,"Akiyama","Avishai","Development"
446546,"Akiyama","Basem","Sales"
284762,"Akiyama","Chinho","Development"
70365,"Akiyama","Dines","Sales"
467197,"Akiyama","Dipankar","Development"
212714,"Akiyama","Dipayan","Sales"
88015,"Akiyama","Dmitry","Development"
65907,"Akiyama","Elvia","Sales"
297250,"Akiyama","Ewing","Development"
416703,"Akiyama","Fumitaka","Development"
33104,"Akiyama","Fusako","Development"
290885,"Akiyama","Goncalo","Development"
458633,"Akiyama","Hausi","Sales"
57325,"Akiyama","Hidde","Sales"
217250,"Akiyama","Hongzue","Sales"
268153,"Akiyama","Indrajit","Development"
467189,"Akiyama","Ingmar","Sales"
459147,"Akiyama","Jongsuk","Sales"
412602,"Akiyama","Kasidit","Development"
232686,"Akiyama","Kazuhiko","Sales"
43441,"Akiyama","Kazuhiro","Sales"
277550,"Akiyama","Kazuhito","Sales"
484602,"Akiyama","Kenroku","Development"
19945,"Akiyama","Kish","Development"
289485,"Akiyama","Kristian","Development"
78153,"Akiyama","Kwan","Development"
77356,"Akiyama","Kwangjo","Development"
38520,"Akiyama","Leandro","Development"
438037,"Akiyama","Luigi","Sales"
248163,"Akiyama","Lunjin","Development"
82611,"Akiyama","Mabo","Sales"
277512,"Akiyama","Mana","Sales"
428622,"Akiyama","Marco","Sales"
11226,"Akiyama","Margareta","Sales"
14591,"Akiyama","Martijn","Sales"
422789,"Akiyama","Masaki","Development"
231392,"Akiyama","Mats","Development"
435268,"Akiyama","Mingdong","Development"
90764,"Akiyama","Mingzeng","Sales"
287351,"Akiyama","Moie","Development"
243435,"Akiyama","Moriyoshi","Sales"
226769,"Akiyama","Mostafa","Development"
83388,"Akiyama","Mrinalini","Development"
109158,"Akiyama","Nahum","Development"
433557,"Akiyama","Nevio","Development"
80615,"Akiyama","Oddvar","Development"
484867,"Akiyama","Oldrich","Sales"
224513,"Akiyama","Olivera","Development"
243923,"Akiyama","Owen","Development"
52019,"Akiyama","Panayotis","Development"
228523,"Akiyama","Pragnesh","Development"
410879,"Akiyama","Pranay","Development"
85782,"Akiyama","Radoslaw","Development"
17357,"Akiyama","Randy","Development"
467594,"Akiyama","Reinhard","Sales"
14912,"Akiyama","Remko","Development"
26360,"Akiyama","Rimon","Development"
425816,"Akiyama","Sarita","Development"
488587,"Akiyama","Seshu","Development"
65131,"Akiyama","Shakhar","Sales"
244202,"Akiyama","Shigeu","Development"
208679,"Akiyama","Shuji","Development"
37682,"Akiyama","Sigeru","Development"
499224,"Akiyama","Souichi","Development"
200888,"Akiyama","Stepehn","Development"
417469,"Akiyama","Sukumar","Development"
484067,"Akiyama","Terresa","Sales"
221901,"Akiyama","Thanasis","Development"
73145,"Akiyama","Thodoros","Development"
234116,"Akiyama","Torsten","Sales"
215889,"Akiyama","Toshiko","Development"
441067,"Akiyama","Toshimo","Sales"
70907,"Akiyama","Trygve","Development"
269192,"Akiyama","Ung","Sales"
424635,"Akiyama","Van","Development"
250990,"Akiyama","Vasilii","Sales"
79509,"Akiyama","Vitaly","Sales"
424904,"Akiyama","Xiaoshan","Sales"
498413,"Akiyama","Yolla","Development"
416553,"Akiyama","Younwoo","Development"
59657,"Akiyama","Yunming","Development"
53624,"Akiyama","Zdislav","Sales"
295900,"Akiyama","Zhonghui","Sales"
280684,"Alameldin","Adel","Sales"
475634,"Alameldin","Alagu","Development"
410531,"Alameldin","Angel","Development"
230085,"Alameldin","Aria","Sales"
263758,"Alameldin","Arumugam","Development"
213801,"Alameldin","Aruna","Sales"
26353,"Alameldin","Avishai","Development"
99832,"Alameldin","Avishai","Sales"
289741,"Alameldin","Baocai","Development"
254088,"Alameldin","Baoqiu","Development"
89970,"Alameldin","Baruch","Sales"
285201,"Alameldin","Bernd","Sales"
475916,"Alameldin","Chaitali","Development"
469473,"Alameldin","Chuanyi","Development"
201166,"Alameldin","Constantino","Development"
285995,"Alameldin","Danel","Development"
32456,"Alameldin","DeForest","Development"
241332,"Alameldin","Denis","Development"
265077,"Alameldin","Divine","Sales"
36199,"Alameldin","Faiza","Development"
439714,"Alameldin","Fay","Sales"
48313,"Alameldin","Fox","Sales"
15429,"Alameldin","Gennady","Development"
427783,"Alameldin","Gennady","Sales"
403285,"Alameldin","Geoff","Sales"
276399,"Alameldin","Geoffrey","Sales"
248479,"Alameldin","Gila","Sales"
74729,"Alameldin","Gretta","Development"
62669,"Alameldin","Harjit","Development"
455141,"Alameldin","Harjit","Sales"
280650,"Alameldin","Hironoby","Sales"
285691,"Alameldin","Hisao","Development"
467635,"Alameldin","Hyuncheol","Development"
281000,"Alameldin","IEEE","Development"
471572,"Alameldin","Jacopo","Development"
219648,"Alameldin","Janche","Development"
288600,"Alameldin","Jeanne","Development"
406189,"Alameldin","Jianhao","Development"
20836,"Alameldin","Jingling","Sales"
63152,"Alameldin","Jixiang","Development"
83835,"Alameldin","Karoline","Development"
229632,"Alameldin","Kayoko","Development"
467251,"Alameldin","Kerhong","Development"
268847,"Alameldin","Kirk","Development"
42833,"Alameldin","Kousuke","Sales"
276959,"Alameldin","Kristin","Development"
75370,"Alameldin","Kwee","Sales"
252720,"Alameldin","Larisa","Development"
53115,"Alameldin","Licheng","Development"
207806,"Alameldin","Limsoon","Sales"
264252,"Alameldin","Lokesh","Sales"
422091,"Alameldin","Lorien","Development"
446475,"Alameldin","Lunjin","Sales"
205831,"Alameldin","Mahmut","Sales"
65998,"Alameldin","Mandell","Sales"
425501,"Alameldin","Manton","Sales"
51751,"Alameldin","Marek","Sales"
449122,"Alameldin","Marin","Sales"
40846,"Alameldin","Mitchel","Development"
487933,"Alameldin","Morris","Development"
61004,"Alameldin","Mountaz","Development"
50295,"Alameldin","Nadjib","Development"
216038,"Alameldin","Nahla","Development"
265543,"Alameldin","Nevio","Sales"
206722,"Alameldin","Oksana","Development"
52259,"Alameldin","Phule","Development"
487987,"Alameldin","Poorav","Sales"
88924,"Alameldin","Qiwen","Development"
219659,"Alameldin","Rance","Development"
64151,"Alameldin","Rasikan","Development"
223582,"Alameldin","Remko","Development"
98977,"Alameldin","Richara","Development"
280763,"Alameldin","Richard","Development"
218327,"Alameldin","Ronghao","Development"
106234,"Alameldin","Rosli","Development"
91765,"Alameldin","Saeko","Development"
211765,"Alameldin","Saeko","Sales"
73556,"Alameldin","Sampalli","Sales"
264339,"Alameldin","Sanjeeva","Sales"
45390,"Alameldin","Sedat","Sales"
226833,"Alameldin","Shaibal","Development"
465155,"Alameldin","Shaleah","Development"
95253,"Alameldin","Shao","Development"
464468,"Alameldin","Shir","Development"
230328,"Alameldin","Shooichi","Development"
87628,"Alameldin","Sibyl","Sales"
273327,"Alameldin","Stabislas","Development"
245208,"Alameldin","Taiji","Development"
439569,"Alameldin","Taisook","Development"
295017,"Alameldin","Teruyuki","Development"
470748,"Alameldin","Tesuya","Development"
454190,"Alameldin","Tianruo","Development"
471959,"Alameldin","Tomokazu","Development"
285660,"Alameldin","Toshimori","Sales"
109334,"Alameldin","Tsutomu","Sales"
276436,"Alameldin","Vesna","Development"
262423,"Alameldin","Vishu","Development"
258395,"Alameldin","Vishv","Development"
494664,"Alameldin","Volkmar","Development"
283281,"Alameldin","Vugranam","Development"
12812,"Alameldin","Waiman","Development"
472911,"Alameldin","Wonhee","Sales"
230132,"Alameldin","Xiahua","Development"
39360,"Alameldin","Xiaobin","Sales"
434605,"Alameldin","Yahiko","Sales"
21008,"Alameldin","Yannik","Development"
93898,"Alameldin","Zdislav","Development"
103248,"Alameldin","Zhenhua","Development"
286234,"Alameldin","Zito","Development"
36417,"Albarhamtoshy","Aamod","Sales"
58915,"Albarhamtoshy","Abdulah","Development"
45552,"Albarhamtoshy","Aloys","Sales"
98818,"Albarhamtoshy","Aluzio","Development"
276002,"Albarhamtoshy","Amabile","Development"
462231,"Albarhamtoshy","Anneke","Sales"
443418,"Albarhamtoshy","Anoosh","Development"
496077,"Albarhamtoshy","Anyuan","Sales"
35752,"Albarhamtoshy","Arnd","Development"
11715,"Albarhamtoshy","Arnd","Sales"
422716,"Albarhamtoshy","Arvind","Sales"
30629,"Albarhamtoshy","Atilio","Development"
288941,"Albarhamtoshy","Babette","Development"
435281,"Albarhamtoshy","Badri","Sales"
287143,"Albarhamtoshy","Barton","Development"
222361,"Albarhamtoshy","Bogdan","Development"
280675,"Albarhamtoshy","Chriss","Sales"
492471,"Albarhamtoshy","Deniz","Development"
215632,"Albarhamtoshy","Franziska","Sales"
208377,"Albarhamtoshy","Gad","Development"
94020,"Albarhamtoshy","Gen","Development"
263105,"Albarhamtoshy","Geoffrey","Development"
82150,"Albarhamtoshy","Gererd","Sales"
499271,"Albarhamtoshy","Ghassan","Sales"
63958,"Albarhamtoshy","Gift","Development"
274551,"Albarhamtoshy","Giordano","Sales"
445500,"Albarhamtoshy","Hironobu","Development"
461175,"Albarhamtoshy","Hitofumi","Sales"
59413,"Albarhamtoshy","Huei","Sales"
247932,"Albarhamtoshy","Junsik","Development"
294922,"Albarhamtoshy","Kauko","Sales"
223281,"Albarhamtoshy","Kersti","Development"
283395,"Albarhamtoshy","Keung","Sales"
470322,"Albarhamtoshy","Kokou","Sales"
66961,"Albarhamtoshy","Lech","Sales"
443777,"Albarhamtoshy","Lena","Sales"
89709,"Albarhamtoshy","Lokesh","Development"
246737,"Albarhamtoshy","Marco","Development"
441386,"Albarhamtoshy","Marie","Sales"
291936,"Albarhamtoshy","Mario","Sales"
225546,"Albarhamtoshy","Marl","Development"
438961,"Albarhamtoshy","Marsha","Sales"
298387,"Albarhamtoshy","Masali","Development"
26757,"Albarhamtoshy","Masanao","Sales"
254321,"Albarhamtoshy","Masasuke","Development"
471172,"Albarhamtoshy","Matt","Development"
252944,"Albarhamtoshy","Minghong","Development"
45464,"Albarhamtoshy","Mountaz","Development"
279217,"Albarhamtoshy","Nikolaus","Development"
89582,"Albarhamtoshy","Odinaldo","Development"
294119,"Albarhamtoshy","Oldrich","Sales"
408236,"Albarhamtoshy","Palash","Development"
84311,"Albarhamtoshy","Pasqua","Development"
239906,"Albarhamtoshy","Perla","Development"
211541,"Albarhamtoshy","Perry","Development"
476204,"Albarhamtoshy","Phuoc","Sales"
13736,"Albarhamtoshy","Pranas","Sales"
235238,"Albarhamtoshy","Pranjal","Sales"
24273,"Albarhamtoshy","Qingxiang","Development"
19621,"Albarhamtoshy","Radhakrishnan","Development"
416117,"Albarhamtoshy","Radhika","Development"
70940,"Albarhamtoshy","Rasiah","Sales"
443197,"Albarhamtoshy","Richard","Development"
475235,"Albarhamtoshy","Richard","Sales"
439542,"Albarhamtoshy","Roselyn","Sales"
77590,"Albarhamtoshy","Saddek","Development"
235853,"Albarhamtoshy","Sadegh","Sales"
274446,"Albarhamtoshy","Saeed","Sales"
95869,"Albarhamtoshy","Samphel","Development"
447050,"Albarhamtoshy","Satosi","Sales"
299712,"Albarhamtoshy","Shai","Development"
237604,"Albarhamtoshy","Shaunak","Development"
267526,"Albarhamtoshy","Shim","Development"
233966,"Albarhamtoshy","Shimshon","Sales"
417140,"Albarhamtoshy","Shmuel","Development"
22446,"Albarhamtoshy","Shugo","Development"
440204,"Albarhamtoshy","Shunichi","Development"
79058,"Albarhamtoshy","Sreekrishna","Development"
78410,"Albarhamtoshy","Sreenivas","Development"
478636,"Albarhamtoshy","Sudhanshu","Development"
405573,"Albarhamtoshy","Susanne","Development"
250228,"Albarhamtoshy","Teiji","Development"
440226,"Albarhamtoshy","Thodoros","Development"
261569,"Albarhamtoshy","Thodoros","Sales"
31533,"Albarhamtoshy","Trygve","Sales"
445514,"Albarhamtoshy","Tuval","Development"
281422,"Albarhamtoshy","Ulises","Development"
48461,"Albarhamtoshy","Uma","Development"
438707,"Albarhamtoshy","Valeri","Sales"
24796,"Albarhamtoshy","Vasilis","Development"
479517,"Albarhamtoshy","Weidon","Development"
224279,"Albarhamtoshy","Weidon","Sales"
214058,"Albarhamtoshy","Xiahua","Development"
216954,"Albarhamtoshy","Ymte","Development"
20817,"Albarhamtoshy","Yucai","Sales"
282266,"Albarhamtoshy","Zhensheng","Sales"
86167,"Albarhamtoshy","Zissis","Development"
257257,"Albarhamtoshy","Zongyan","Development"
36355,"Alblas","Aleksandar","Development"
454098,"Alblas","Alper","Development"
252568,"Alblas","Alselm","Sales"
477822,"Alblas","Angel","Sales"
51849,"Alblas","Anoosh","Development"
423545,"Alblas","Arnould","Development"
78270,"Alblas","Aruna","Development"
50447,"Alblas","Augustine","Development"
451942,"Alblas","Baruch","Development"
210361,"Alblas","Basim","Sales"
447192,"Alblas","Berni","Sales"
242848,"Alblas","Boutros","Development"
485483,"Alblas","Brendon","Development"
279883,"Alblas","Candido","Development"
230627,"Alblas","Chenxi","Sales"
427712,"Alblas","Cheong","Development"
37963,"Alblas","Danny","Development"
289063,"Alblas","Deniz","Sales"
405399,"Alblas","Dines","Development"
482570,"Alblas","Elvia","Development"
211241,"Alblas","Elzbieta","Sales"
223887,"Alblas","Ferdinand","Development"
288655,"Alblas","Flemming","Development"
476318,"Alblas","Franziska","Development"
231190,"Alblas","Gay","Development"
241499,"Alblas","Genevieve","Development"
47937,"Alblas","Gennadi","Sales"
104601,"Alblas","Georgy","Sales"
94773,"Alblas","Ger","Development"
234309,"Alblas","Haldun","Development"
68418,"Alblas","Heon","Development"
33515,"Alblas","Hidekazu","Sales"
427243,"Alblas","Hisao","Sales"
240220,"Alblas","Holgard","Development"
43909,"Alblas","Huican","Development"
234037,"Alblas","Huiqun","Development"
89868,"Alblas","Itzchak","Sales"
257503,"Alblas","Jayson","Development"
63397,"Alblas","Jolita","Development"
61865,"Alblas","Jouni","Sales"
55757,"Alblas","Joydip","Development"
489330,"Alblas","Kiyotoshi","Development"
71454,"Alblas","Kristen","Development"
460630,"Alblas","Lenore","Development"
76731,"Alblas","Lidong","Development"
286771,"Alblas","Make","Development"
14248,"Alblas","Mark","Development"
204153,"Alblas","Marko","Development"
248531,"Alblas","Mart","Sales"
239368,"Alblas","Mingsen","Sales"
441130,"Alblas","Moti","Development"
36908,"Alblas","Nahid","Sales"
41407,"Alblas","Nalini","Sales"
272370,"Alblas","Oguz","Development"
489445,"Alblas","Phuoc","Development"
265872,"Alblas","Reuven","Development"
299302,"Alblas","Saddek","Sales"
15274,"Alblas","Sadun","Development"
461330,"Alblas","Sadun","Sales"
288274,"Alblas","Selwyn","Development"
420464,"Alblas","Shan","Sales"
483891,"Alblas","Shaowen","Development"
243143,"Alblas","Siamak","Development"
418133,"Alblas","Soenke","Development"
469085,"Alblas","Steen","Sales"
38048,"Alblas","Stella","Sales"
47806,"Alblas","Stevo","Development"
36356,"Alblas","Susumu","Sales"
99495,"Alblas","Tayeb","Sales"
94977,"Alblas","Tru","Development"
206053,"Alblas","Tsuneo","Sales"
63507,"Alblas","Valeri","Development"
488495,"Alblas","Vincent","Development"
63145,"Alblas","Vivian","Development"
266785,"Alblas","Vojin","Development"
223919,"Alblas","Xiadong","Development"
433926,"Alblas","Xiaobin","Development"
35803,"Alblas","Yahiko","Development"
245790,"Alblas","Yongmao","Sales"
28487,"Alblas","Ziva","Sales"
434168,"Alencar","Aiman","Sales"
454340,"Alencar","Amabile","Development"
485457,"Alencar","Angel","Development"
245932,"Alencar","Aral","Development"
217957,"Alencar","Arvin","Development"
109197,"Alencar","Augustine","Sales"
228837,"Alencar","Avishai","Development"
489052,"Alencar","Bilhanan","Development"
427066,"Alencar","Chandrasekaran","Sales"
93125,"Alencar","Charmane","Sales"
294493,"Alencar","Chinya","Development"
90277,"Alencar","Conor","Development"
200162,"Alencar","Debaprosad","Development"
68652,"Alencar","Dharmaraja","Development"
249037,"Alencar","Divier","Development"
471105,"Alencar","Elrique","Development"
499107,"Alencar","Ennio","Development"
74969,"Alencar","Florian","Sales"
457242,"Alencar","Fumiyo","Development"
207788,"Alencar","Fun","Development"
489599,"Alencar","Gianluca","Sales"
62900,"Alencar","Gio","Sales"
226504,"Alencar","Guangming","Development"
455912,"Alencar","Guther","Sales"
265355,"Alencar","Heng","Sales"
53418,"Alencar","Hiroyasu","Sales"
297567,"Alencar","Houman","Sales"
216357,"Alencar","Ishfaq","Development"
96422,"Alencar","Jayesh","Development"
448738,"Alencar","Jixiang","Development"
442560,"Alencar","Jouni","Development"
21526,"Alencar","Kazuhide","Development"
27067,"Alencar","Kazuhiko","Development"
242838,"Alencar","Kellyn","Development"
256099,"Alencar","Kersti","Development"
67643,"Alencar","Kiyotoshi","Sales"
257953,"Alencar","Kwangyoen","Sales"
242023,"Alencar","Laurentiu","Development"
457967,"Alencar","Lein","Development"
13302,"Alencar","Mack","Development"
69037,"Alencar","Mantis","Development"
404931,"Alencar","Mara","Sales"
226612,"Alencar","Marin","Development"
79024,"Alencar","Mariusz","Development"
20430,"Alencar","Marko","Development"
109654,"Alencar","Masako","Sales"
77215,"Alencar","Mingsen","Sales"
453664,"Alencar","Mohan","Sales"
248269,"Alencar","Muzhong","Development"
413306,"Alencar","Nathan","Development"
42439,"Alencar","Nevin","Development"
436958,"Alencar","Nimmagadda","Sales"
408016,"Alencar","Oddvar","Sales"
209095,"Alencar","Otilia","Development"
238341,"Alencar","Perry","Sales"
258477,"Alencar","Petter","Sales"
223351,"Alencar","Phillip","Development"
444172,"Alencar","Premsyl","Development"
34746,"Alencar","Ranga","Development"
499359,"Alencar","Rosine","Development"
227910,"Alencar","Saniya","Sales"
211077,"Alencar","Shahid","Development"
207465,"Alencar","Shietung","Development"
414429,"Alencar","Shushma","Development"
419553,"Alencar","Shushma","Sales"
37903,"Alencar","Sibyl","Sales"
97666,"Alencar","Spyrose","Sales"
20411,"Alencar","Sumali","Development"
284518,"Alencar","Susumu","Sales"
432157,"Alencar","Torsten","Development"
201665,"Alencar","Troy","Sales"
255740,"Alencar","Tru","Sales"
74750,"Alencar","Tsutomu","Sales"
473947,"Alencar","Van","Development"
41687,"Alencar","Weidon","Sales"
450234,"Alencar","Xianlong","Sales"
10519,"Alencar","Yonghoan","Development"
26061,"Alencar","Yongmao","Development"
54805,"Aloia","Adil","Development"
241738,"Aloia","Alenka","Development"
242308,"Aloia","Almudena","Development"
420876,"Aloia","Aloys","Sales"
402140,"Aloia","Angel","Development"
475152,"Aloia","Arie","Sales"
258621,"Aloia","Arne","Development"
15971,"Aloia","Arumugam","Development"
65280,"Aloia","Arun","Development"
33975,"Aloia","Barry","Sales"
